<?xml version="1.0" encoding="UTF-8"?>
<project-private xmlns="http://www.netbeans.org/ns/project-private/1">
    <editor-bookmarks xmlns="http://www.netbeans.org/ns/editor-bookmarks/2" lastBookmarkId="0"/>
    <open-files xmlns="http://www.netbeans.org/ns/projectui-open-files/2">
        <group>
            <file>file:/D:/Documentos/GitHub/cc2e3lpoo1sem23/Fatorial%20Thread/src/modelo/Controle.java</file>
            <file>file:/D:/Documentos/GitHub/cc2e3lpoo1sem23/Fatorial%20Thread/src/modelo/Validacao.java</file>
        </group>
    </open-files>
</project-private>
