<?xml version="1.0" encoding="UTF-8"?>
<project-private xmlns="http://www.netbeans.org/ns/project-private/1">
    <editor-bookmarks xmlns="http://www.netbeans.org/ns/editor-bookmarks/2" lastBookmarkId="0"/>
    <open-files xmlns="http://www.netbeans.org/ns/projectui-open-files/2">
        <group>
            <file>file:/D:/Documentos/NetBeansProjects/Multiplos/src/modelo/ControleFatorial.java</file>
            <file>file:/D:/Documentos/NetBeansProjects/Multiplos/src/multiplos/Multiplos.java</file>
            <file>file:/D:/Documentos/NetBeansProjects/Multiplos/src/apresentacao/frmFatorial.java</file>
            <file>file:/D:/Documentos/NetBeansProjects/Multiplos/src/modelo/CalculoFatorial.java</file>
            <file>file:/D:/Documentos/NetBeansProjects/Multiplos/src/modelo/Estaticos.java</file>
            <file>file:/D:/Documentos/NetBeansProjects/Multiplos/src/modelo/Triangulos.java</file>
            <file>file:/D:/Documentos/NetBeansProjects/Multiplos/src/apresentacao/frmPrincipal.java</file>
            <file>file:/D:/Documentos/NetBeansProjects/Multiplos/src/modelo/absPropriedades.java</file>
            <file>file:/D:/Documentos/NetBeansProjects/Multiplos/src/apresentacao/frmTriangulos.java</file>
            <file>file:/D:/Documentos/NetBeansProjects/Multiplos/src/modelo/intMetodos.java</file>
            <file>file:/D:/Documentos/NetBeansProjects/Multiplos/src/modelo/ValidacaoFatorial.java</file>
            <file>file:/D:/Documentos/NetBeansProjects/Multiplos/src/modelo/ValidacaoTriangulo.java</file>
            <file>file:/D:/Documentos/NetBeansProjects/Multiplos/src/modelo/ControleTriangulos.java</file>
        </group>
    </open-files>
</project-private>
