<?xml version="1.0" encoding="UTF-8"?>
<project-private xmlns="http://www.netbeans.org/ns/project-private/1">
    <editor-bookmarks xmlns="http://www.netbeans.org/ns/editor-bookmarks/2" lastBookmarkId="0"/>
    <open-files xmlns="http://www.netbeans.org/ns/projectui-open-files/2">
        <group>
            <file>file:/C:/Users/Rever/Documents/GitHub/cc2e3lpoo1sem23/TipoTriangulos%20polimorfismo/src/modelo/Controle.java</file>
            <file>file:/C:/Users/Rever/Documents/GitHub/cc2e3lpoo1sem23/TipoTriangulos%20polimorfismo/src/modelo/absPropriedades.java</file>
            <file>file:/C:/Users/Rever/Documents/GitHub/cc2e3lpoo1sem23/TipoTriangulos%20polimorfismo/src/modelo/Triangulos.java</file>
            <file>file:/C:/Users/Rever/Documents/GitHub/cc2e3lpoo1sem23/TipoTriangulos%20polimorfismo/src/apresentacao/frmPrincipal.java</file>
            <file>file:/C:/Users/Rever/Documents/GitHub/cc2e3lpoo1sem23/TipoTriangulos%20polimorfismo/src/modelo/Estaticos.java</file>
            <file>file:/C:/Users/Rever/Documents/GitHub/cc2e3lpoo1sem23/TipoTriangulos%20polimorfismo/src/modelo/Validacao.java</file>
        </group>
    </open-files>
</project-private>
