<?xml version="1.0" encoding="UTF-8"?>
<project-private xmlns="http://www.netbeans.org/ns/project-private/1">
    <editor-bookmarks xmlns="http://www.netbeans.org/ns/editor-bookmarks/2" lastBookmarkId="0"/>
    <open-files xmlns="http://www.netbeans.org/ns/projectui-open-files/2">
        <group>
            <file>file:/C:/Users/Rever/Desktop/Temperatura/src/Modelo/intMetodos.java</file>
            <file>file:/C:/Users/Rever/Desktop/Temperatura/src/Modelo/absPropriedades.java</file>
            <file>file:/C:/Users/Rever/Desktop/Temperatura/src/Modelo/Validacao.java</file>
            <file>file:/C:/Users/Rever/Desktop/Temperatura/src/Modelo/Controle.java</file>
            <file>file:/C:/Users/Rever/Desktop/Temperatura/src/Modelo/Celsius.java</file>
            <file>file:/C:/Users/Rever/Desktop/Temperatura/src/Modelo/Estaticos.java</file>
            <file>file:/C:/Users/Rever/Desktop/Temperatura/src/Apresentacao/frmPrincipal.java</file>
        </group>
    </open-files>
</project-private>
